OCP,OCP_NAME,2024,2030,2040
1031,管理的職業従事者,0.1265919,0.46797706,0.8317187
1051,研究者,0.0592946,0.31649391,0.70226909
1072,電気・電子・電気通信技術者（通信ネットワーク技術者を除く）,0.12747872,0.42441966,0.8826147
1073,機械技術者,0.1321561,0.46765363,0.89046036
1074,輸送用機器技術者,0.13301298,0.47616474,0.90501847
1076,金属技術者,0.19282277,0.76777241,0.96111609
1077,化学技術者,0.10818745,0.38603064,0.80876714
1091,建築技術者,0.12827116,0.4806774,0.88314225
1092,土木技術者,0.10483682,0.44183161,0.89493288
1093,測量技術者,0.153299,0.69807807,0.95234138
1101,システムコンサルタント・設計者,0.0957144,0.41396795,0.77212351
1104,ソフトウェア作成者,0.18161271,0.59369837,0.91995079
1109,その他の情報処理・通信技術者,0.15933712,0.58877109,0.89898196
1119,他に分類されない技術者,0.19171031,0.61017711,0.89234924
1121,医師,0.1545862,0.39955601,0.77432023
1122,歯科医師,0.16825858,0.48854357,0.81044882
1123,獣医師,0.17377041,0.49507667,0.82192538
1124,薬剤師,0.17550785,0.65627144,0.85852997
1131,保健師,0.21017093,0.44363469,0.72310345
1132,助産師,0.20040326,0.3531357,0.69971069
1133,看護師,0.20496758,0.61811136,0.77415063
1134,准看護師,0.20496758,0.61811136,0.77415063
1141,診療放射線技師,0.15621639,0.58820487,0.89226483
1143,臨床検査技師,0.1359566,0.56347342,0.91296705
1144,理学療法士，作業療法士，言語聴覚士，視能訓練士,0.18589537,0.44440244,0.76662697
1146,歯科衛生士,0.21662208,0.56902845,0.85221453
1147,歯科技工士,0.22972727,0.68701228,0.94319593
1151,栄養士,0.2036123,0.56319676,0.8618742
1159,その他の保健医療従事者,0.19939621,0.52886103,0.81765242
1163,保育士,0.26238043,0.54299676,0.8398615
1168,介護支援専門員（ケアマネージャー）,0.19594519,0.46427021,0.75557682
1169,その他の社会福祉専門職業従事者,0.18548516,0.46084121,0.72294231
1173,法務従事者,0.18953683,0.43518296,0.72600098
1181,公認会計士，税理士,0.15745757,0.46480162,0.75905765
1189,その他の経営・金融・保険専門職業従事者,0.14357962,0.45379446,0.81765977
1191,幼稚園教員，保育教諭,0.20755608,0.50806423,0.8086928
1192,小・中学校教員,0.17056937,0.39830094,0.74109586
1194,高等学校教員,0.19540023,0.46707507,0.78266987
1196,大学教授（高専含む）,0.08197887,0.34159077,0.71566922
1197,大学准教授（高専含む）,0.08197887,0.34159077,0.71566922
1198,大学講師・助教（高専含む）,0.08197887,0.34159077,0.71566922
1199,その他の教員,0.18994673,0.46524366,0.7994869
1201,宗教家,0.1265919,0.46797706,0.8317187
1211,著述家，記者，編集者,0.25228818,0.54641042,0.83513002
1221,美術家，写真家，映像撮影者,0.21536271,0.6059444,0.87898542
1224,デザイナー,0.19398797,0.59583735,0.88883162
1231,音楽家，舞台芸術家,0.16364633,0.475508,0.8301456
1244,個人教師,0.22631201,0.57715828,0.85085278
1249,他に分類されない専門的職業従事者,0.18593786,0.48838378,0.81958297
1251,庶務・人事事務員,0.22994145,0.59714899,0.88629775
1253,企画事務員,0.18133295,0.56261696,0.90496623
1254,受付・案内事務員,0.51319482,0.81841485,0.98779497
1255,秘書,0.29726297,0.68638299,0.95180833
1256,電話応接事務員,0.34378604,0.7581668,0.94697476
1257,総合事務員,0.51995324,0.82041245,0.9928299
1259,その他の一般事務従事者,0.27384049,0.63995638,0.88397702
1261,会計事務従事者,0.27168972,0.68106917,0.9139051
1271,生産関連事務従事者,0.27036029,0.72432332,0.96122958
1281,営業・販売事務従事者,0.2762239,0.68762456,0.8966215
1291,外勤事務従事者,0.46751292,0.92281754,0.97422175
1301,運輸・郵便事務従事者,0.24047037,0.65627563,0.90581812
1311,事務用機器操作員,0.43538454,0.80885385,0.99062431
1321,販売店員,0.35511163,0.72445991,0.91705286
1324,その他の商品販売従事者,0.20830189,0.5868539,0.87618714
1331,販売類似職業従事者,0.25368089,0.70879762,0.87088109
1344,自動車営業職業従事者,0.18366384,0.63511662,0.91074639
1345,機械器具・通信・システム営業職業従事者（自動車を除く）,0.24928698,0.78543318,0.91131302
1346,金融営業職業従事者,0.21531569,0.65362268,0.89640311
1347,保険営業職業従事者,0.25433113,0.65208176,0.8262786
1349,その他の営業職業従事者,0.21616838,0.63203492,0.8831781
1361,介護職員（医療・福祉施設等）,0.28875129,0.64175366,0.8441067
1362,訪問介護従事者,0.33615083,0.66893076,0.88716386
1371,看護助手,0.44643907,0.7174781,0.92102324
1379,その他の保健医療サービス職業従事者,0.31040374,0.63863328,0.87984328
1381,理容・美容師　,0.32622972,0.66319629,0.87142842
1383,美容サービス・浴場従事者（美容師を除く）,0.35295468,0.64800043,0.86144442
1385,クリーニング職，洗張職,0.46072572,0.83333774,0.97500841
1391,飲食物調理従事者,0.39705665,0.72568062,0.92315689
1403,飲食物給仕従事者,0.34875377,0.69464206,0.84682344
1404,航空機客室乗務員,0.20862174,0.53661311,0.76078515
1405,身の回り世話従事者,0.41797154,0.80080612,0.96888921
1406,娯楽場等接客員,0.40761225,0.75141148,0.90427328
1411,居住施設・ビル等管理人,0.42951999,0.83532092,0.95233228
1421,その他のサービス職業従事者,0.28725183,0.65874742,0.86282607
1453,警備員,0.50968521,0.82319018,0.99792413
1459,その他の保安職業従事者,0.27817709,0.57930089,0.87297327
1461,農林漁業従事者,0.35421703,0.79331863,0.94355197
1491,製銑・製鋼・非鉄金属製錬従事者,0.43580273,0.76507241,0.97508558
1492,鋳物製造・鍛造従事者,0.43580273,0.76507241,0.97508558
1493,金属工作機械作業従事者,0.32118129,0.7693565,0.96735662
1494,金属プレス従事者,0.41424506,0.77903595,0.97040884
1495,鉄工，製缶従事者,0.23595789,0.74604367,0.96725417
1496,板金従事者,0.26917709,0.69274284,0.9378773
1497,金属彫刻・表面処理従事者,0.35638946,0.76824015,0.95719197
1498,金属溶接・溶断従事者,0.43988632,0.73741664,0.97627678
1499,その他の製品製造・加工処理従事者（金属製品）,0.23987431,0.73716947,0.96624446
1501,化学製品製造従事者,0.21689749,0.70174178,0.93063582
1502,窯業・土石製品製造従事者,0.33688014,0.76231594,0.93305227
1503,食料品・飲料・たばこ製造従事者,0.35740794,0.7540778,0.96617717
1505,紡織・衣服・繊維製品製造従事者,0.4056829,0.78162781,0.97036406
1506,木・紙製品製造従事者,0.34260003,0.80440439,0.97141397
1507,印刷・製本従事者,0.37660131,0.81081525,0.9771715
1508,ゴム・プラスチック製品製造従事者,0.29584751,0.75190121,0.94036548
1509,その他の製品製造・加工処理従事者（金属製品を除く）,0.25965235,0.75233415,0.9478701
1511,はん用・生産用・業務用機械器具組立従事者,0.25835193,0.73710625,0.93091567
1512,電気機械器具組立従事者,0.33112204,0.76091311,0.97951776
1513,自動車組立従事者,0.34434316,0.79539314,0.99572321
1514,その他の機械組立従事者,0.33537387,0.76385649,0.97175486
1551,はん用・生産用・業務用機械器具・電気機械器具整備・修理従事者,0.20302041,0.69586579,0.93384666
1553,自動車整備・修理従事者,0.23829814,0.64054631,0.92066469
1554,その他の機械整備・修理従事者,0.10483831,0.44691447,0.78582341
1561,製品検査従事者（金属製品）,0.3522232,0.75370184,0.99613565
1571,製品検査従事者（金属製品を除く）,0.31253004,0.79346094,0.99309418
1581,機械検査従事者,0.20302041,0.69586579,0.93384666
1591,画工，塗装・看板制作従事者,0.28770119,0.70828829,0.94928181
1592,製図その他生産関連・生産類似作業従事者,0.13158224,0.41091925,0.8636782
1601,鉄道運転従事者,0.43052505,0.82446934,0.96804758
1611,バス運転者,0.45167335,0.82318622,0.9800683
1612,タクシー運転者,0.41029946,0.78412319,0.90188694
1613,乗用自動車運転者（タクシー運転者を除く）,0.41029946,0.78412319,0.90188694
1614,営業用大型貨物自動車運転者,0.46221533,0.80660358,0.99323712
1615,営業用貨物自動車運転者（大型車を除く）,0.46221533,0.80660358,0.99323712
1616,自家用貨物自動車運転者,0.46221533,0.80660358,0.99323712
1619,その他の自動車運転従事者,0.46221533,0.80660358,0.99323712
1624,航空機操縦士,0.10023426,0.50793217,0.80734766
1631,車掌,0.38151208,0.74020047,0.93014739
1639,他に分類されない輸送従事者,0.31266165,0.69433658,0.90395654
1641,発電員，変電員,0.11715877,0.50481465,0.92694406
1643,クレーン・ウインチ運転従事者,0.27168819,0.60358213,0.91887911
1645,建設・さく井機械運転従事者,0.24129747,0.60999018,0.91589965
1649,その他の定置・建設機械運転従事者,0.30914593,0.75981868,0.97446665
1651,建設躯体工事従事者,0.30392966,0.69305595,0.91210382
1661,大工,0.36956214,0.73501086,0.94516657
1666,配管従事者,0.26825783,0.68455531,0.917345
1669,その他の建設従事者,0.25961494,0.71650485,0.93839374
1671,電気工事従事者,0.14670446,0.59480446,0.91635065
1681,土木従事者，鉄道線路工事従事者,0.32130433,0.69491457,0.95894926
1691,ダム・トンネル掘削従事者，採掘従事者,0.24129747,0.60999018,0.91589965
1702,船内・沿岸荷役従事者,0.43726828,0.85134733,0.99276291
1703,その他の運搬従事者,0.48913119,0.81085924,0.93956178
1711,ビル・建物清掃員,0.54535265,0.83671484,0.98662689
1712,清掃員（ビル・建物を除く），廃棄物処理従事者,0.43280662,0.82353934,0.94492394
1721,包装従事者 ,0.54612685,0.76763236,0.99366374
1739,他に分類されない運搬・清掃・包装等従事者,0.5043864,0.81442018,0.99775339
